{"Advanced.Cancer": {"[1]": {"training time": 16.351748943328857, "predicted percent positive": 0.0, "actual percent positive": 0.12313432835820895, "accuracy": 0.8768656716417911, "precision": 0.0, "recall": 0.0, "f1": 0.0, "auc": 0.6370083816892327}, "[1, 2]": {"training time": 21.9148530960083, "predicted percent positive": 0.0, "actual percent positive": 0.12313432835820895, "accuracy": 0.8768656716417911, "precision": 0.0, "recall": 0.0, "f1": 0.0, "auc": 0.7400386847195358}, "[1, 2, 3]": {"training time": 57.352721214294434, "predicted percent positive": 0.0037313432835820895, "actual percent positive": 0.12313432835820895, "accuracy": 0.8731343283582089, "precision": 0.0, "recall": 0.0, "f1": 0.0, "auc": 0.5908446163765313}, "[1, 2, 3, 4]": {"training time": 98.55386805534363, "predicted percent positive": 0.0037313432835820895, "actual percent positive": 0.12313432835820895, "accuracy": 0.8805970149253731, "precision": 1.0, "recall": 0.030303030303030304, "f1": 0.05882352941176471, "auc": 0.672340425531915}, "[1, 2, 3, 4, 5]": {"training time": 129.24922847747803, "predicted percent positive": 0.0, "actual percent positive": 0.12313432835820895, "accuracy": 0.8768656716417911, "precision": 0.0, "recall": 0.0, "f1": 0.0, "auc": 0.6567375886524822}, "[2, 3, 4, 5]": {"training time": 121.02780985832214, "predicted percent positive": 0.0, "actual percent positive": 0.12313432835820895, "accuracy": 0.8768656716417911, "precision": 0.0, "recall": 0.0, "f1": 0.0, "auc": 0.6309477756286267}}, "Advanced.Heart.Disease": {"[1]": {"training time": 9.22491455078125, "predicted percent positive": 0.0, "actual percent positive": 0.16417910447761194, "accuracy": 0.835820895522388, "precision": 0.0, "recall": 0.0, "f1": 0.0, "auc": 0.5785308441558442}, "[1, 2]": {"training time": 22.832136869430542, "predicted percent positive": 0.0037313432835820895, "actual percent positive": 0.16417910447761194, "accuracy": 0.832089552238806, "precision": 0.0, "recall": 0.0, "f1": 0.0, "auc": 0.6141436688311688}, "[1, 2, 3]": {"training time": 59.47303509712219, "predicted percent positive": 0.0, "actual percent positive": 0.16417910447761194, "accuracy": 0.835820895522388, "precision": 0.0, "recall": 0.0, "f1": 0.0, "auc": 0.6452922077922079}, "[1, 2, 3, 4]": {"training time": 98.76717734336853, "predicted percent positive": 0.018656716417910446, "actual percent positive": 0.16417910447761194, "accuracy": 0.8470149253731343, "precision": 0.8, "recall": 0.09090909090909091, "f1": 0.163265306122449, "auc": 0.7101765422077922}, "[1, 2, 3, 4, 5]": {"training time": 129.25513291358948, "predicted percent positive": 0.0037313432835820895, "actual percent positive": 0.16417910447761194, "accuracy": 0.832089552238806, "precision": 0.0, "recall": 0.0, "f1": 0.0, "auc": 0.635349025974026}, "[2, 3, 4, 5]": {"training time": 121.02941536903381, "predicted percent positive": 0.011194029850746268, "actual percent positive": 0.16417910447761194, "accuracy": 0.8395522388059702, "precision": 0.6666666666666666, "recall": 0.045454545454545456, "f1": 0.08510638297872342, "auc": 0.6841517857142857}}, "Advanced.Lung.Disease": {"[1]": {"training time": 9.26562762260437, "predicted percent positive": 0.0037313432835820895, "actual percent positive": 0.10820895522388059, "accuracy": 0.8880597014925373, "precision": 0.0, "recall": 0.0, "f1": 0.0, "auc": 0.4429375270523734}, "[1, 2]": {"training time": 22.80449151992798, "predicted percent positive": 0.0, "actual percent positive": 0.10820895522388059, "accuracy": 0.8917910447761194, "precision": 0.0, "recall": 0.0, "f1": 0.0, "auc": 0.5479728754869427}, "[1, 2, 3]": {"training time": 59.43324947357178, "predicted percent positive": 0.0037313432835820895, "actual percent positive": 0.10820895522388059, "accuracy": 0.8880597014925373, "precision": 0.0, "recall": 0.0, "f1": 0.0, "auc": 0.5416245851969412}, "[1, 2, 3, 4]": {"training time": 98.83713269233704, "predicted percent positive": 0.0, "actual percent positive": 0.10820895522388059, "accuracy": 0.8917910447761194, "precision": 0.0, "recall": 0.0, "f1": 0.0, "auc": 0.5473957581878517}, "[1, 2, 3, 4, 5]": {"training time": 129.21215105056763, "predicted percent positive": 0.0, "actual percent positive": 0.10820895522388059, "accuracy": 0.8917910447761194, "precision": 0.0, "recall": 0.0, "f1": 0.0, "auc": 0.4857884865098831}, "[2, 3, 4, 5]": {"training time": 120.99325489997864, "predicted percent positive": 0.0037313432835820895, "actual percent positive": 0.10820895522388059, "accuracy": 0.8880597014925373, "precision": 0.0, "recall": 0.0, "f1": 0.0, "auc": 0.626027990189006}}, "Chronic.Neurological.Dystrophies": {"[1]": {"training time": 9.29438853263855, "predicted percent positive": 0.033582089552238806, "actual percent positive": 0.19029850746268656, "accuracy": 0.7985074626865671, "precision": 0.3333333333333333, "recall": 0.058823529411764705, "f1": 0.1, "auc": 0.4970633414656185}, "[1, 2]": {"training time": 22.830765962600708, "predicted percent positive": 0.018656716417910446, "actual percent positive": 0.19029850746268656, "accuracy": 0.7985074626865671, "precision": 0.2, "recall": 0.0196078431372549, "f1": 0.03571428571428571, "auc": 0.5198789193096593}, "[1, 2, 3]": {"training time": 59.529998779296875, "predicted percent positive": 0.10820895522388059, "actual percent positive": 0.19029850746268656, "accuracy": 0.7611940298507462, "precision": 0.27586206896551724, "recall": 0.1568627450980392, "f1": 0.2, "auc": 0.4609650311737598}, "[1, 2, 3, 4]": {"training time": 98.73214054107666, "predicted percent positive": 0.029850746268656716, "actual percent positive": 0.19029850746268656, "accuracy": 0.7798507462686567, "precision": 0.0, "recall": 0.0, "f1": 0.0, "auc": 0.47248576850094887}, "[1, 2, 3, 4, 5]": {"training time": 129.2034468650818, "predicted percent positive": 0.17164179104477612, "actual percent positive": 0.19029850746268656, "accuracy": 0.6753731343283582, "precision": 0.10869565217391304, "recall": 0.09803921568627451, "f1": 0.10309278350515465, "auc": 0.40656907924460106}, "[2, 3, 4, 5]": {"training time": 121.07947874069214, "predicted percent positive": 0.033582089552238806, "actual percent positive": 0.19029850746268656, "accuracy": 0.7835820895522388, "precision": 0.1111111111111111, "recall": 0.0196078431372549, "f1": 0.03333333333333333, "auc": 0.3936929610553899}}, "Chronic.Pain.Fibromyalgia": {"[1]": {"training time": 9.283482789993286, "predicted percent positive": 0.055970149253731345, "actual percent positive": 0.2462686567164179, "accuracy": 0.7201492537313433, "precision": 0.2, "recall": 0.045454545454545456, "f1": 0.07407407407407407, "auc": 0.4548079807980798}, "[1, 2]": {"training time": 22.848164319992065, "predicted percent positive": 0.018656716417910446, "actual percent positive": 0.2462686567164179, "accuracy": 0.7350746268656716, "precision": 0.0, "recall": 0.0, "f1": 0.0, "auc": 0.47809780978097816}, "[1, 2, 3]": {"training time": 59.49768042564392, "predicted percent positive": 0.033582089552238806, "actual percent positive": 0.2462686567164179, "accuracy": 0.7425373134328358, "precision": 0.3333333333333333, "recall": 0.045454545454545456, "f1": 0.08, "auc": 0.5189768976897691}, "[1, 2, 3, 4]": {"training time": 98.79379057884216, "predicted percent positive": 0.04477611940298507, "actual percent positive": 0.2462686567164179, "accuracy": 0.746268656716418, "precision": 0.4166666666666667, "recall": 0.07575757575757576, "f1": 0.12820512820512822, "auc": 0.4998124812481248}, "[1, 2, 3, 4, 5]": {"training time": 129.2458372116089, "predicted percent positive": 0.04477611940298507, "actual percent positive": 0.2462686567164179, "accuracy": 0.753731343283582, "precision": 0.5, "recall": 0.09090909090909091, "f1": 0.15384615384615385, "auc": 0.5452295229522952}, "[2, 3, 4, 5]": {"training time": 121.01732110977173, "predicted percent positive": 0.03731343283582089, "actual percent positive": 0.2462686567164179, "accuracy": 0.7611940298507462,