{"Advanced.Cancer": {"[1]": {"training time": 14.53543758392334, "predicted percent positive": 0.018656716417910446, "actual percent positive": 0.12313432835820895, "accuracy": 0.8880597014925373, "precision": 0.8, "recall": 0.12121212121212122, "f1": 0.2105263157894737, "auc": 0.9128304319793682}, "[1, 2]": {"training time": 20.361693859100342, "predicted percent positive": 0.10074626865671642, "actual percent positive": 0.12313432835820895, "accuracy": 0.9402985074626866, "precision": 0.8148148148148148, "recall": 0.6666666666666666, "f1": 0.7333333333333333, "auc": 0.9519664732430689}, "[1, 2, 3]": {"training time": 55.84630584716797, "predicted percent positive": 0.08582089552238806, "actual percent positive": 0.12313432835820895, "accuracy": 0.9253731343283582, "precision": 0.782608695652174, "recall": 0.5454545454545454, "f1": 0.6428571428571429, "auc": 0.9393939393939394}, "[1, 2, 3, 4]": {"training time": 95.7095594406128, "predicted percent positive": 0.05223880597014925, "actual percent positive": 0.12313432835820895, "accuracy": 0.9216417910447762, "precision": 0.9285714285714286, "recall": 0.3939393939393939, "f1": 0.5531914893617021, "auc": 0.9283043197936814}, "[1, 2, 3, 4, 5]": {"training time": 123.51000905036926, "predicted percent positive": 0.03731343283582089, "actual percent positive": 0.12313432835820895, "accuracy": 0.8992537313432836, "precision": 0.8, "recall": 0.24242424242424243, "f1": 0.372093023255814, "auc": 0.91966473243069}, "[2, 3, 4, 5]": {"training time": 117.48861980438232, "predicted percent positive": 0.048507462686567165, "actual percent positive": 0.12313432835820895, "accuracy": 0.917910447761194, "precision": 0.9230769230769231, "recall": 0.36363636363636365, "f1": 0.5217391304347827, "auc": 0.9041263700838169}}, "Advanced.Heart.Disease": {"[1]": {"training time": 8.53074026107788, "predicted percent positive": 0.007462686567164179, "actual percent positive": 0.13805970149253732, "accuracy": 0.8619402985074627, "precision": 0.5, "recall": 0.02702702702702703, "f1": 0.05128205128205129, "auc": 0.8779688779688779}, "[1, 2]": {"training time": 21.296788692474365, "predicted percent positive": 0.1455223880597015, "actual percent positive": 0.13805970149253732, "accuracy": 0.8805970149253731, "precision": 0.5641025641025641, "recall": 0.5945945945945946, "f1": 0.5789473684210528, "auc": 0.9183924183924184}, "[1, 2, 3]": {"training time": 55.12255907058716, "predicted percent positive": 0.0, "actual percent positive": 0.13805970149253732, "accuracy": 0.8619402985074627, "precision": 0.0, "recall": 0.0, "f1": 0.0, "auc": 0.9066339066339066}, "[1, 2, 3, 4]": {"training time": 95.76671981811523, "predicted percent positive": 0.05223880597014925, "actual percent positive": 0.13805970149253732, "accuracy": 0.8843283582089553, "precision": 0.7142857142857143, "recall": 0.2702702702702703, "f1": 0.39215686274509803, "auc": 0.9197379197379199}, "[1, 2, 3, 4, 5]": {"training time": 123.6586971282959, "predicted percent positive": 0.06343283582089553, "actual percent positive": 0.13805970149253732, "accuracy": 0.8955223880597015, "precision": 0.7647058823529411, "recall": 0.35135135135135137, "f1": 0.48148148148148157, "auc": 0.9108459108459109}, "[2, 3, 4, 5]": {"training time": 117.65337562561035, "predicted percent positive": 0.05223880597014925, "actual percent positive": 0.13805970149253732, "accuracy": 0.8917910447761194, "precision": 0.7857142857142857, "recall": 0.2972972972972973, "f1": 0.43137254901960786, "auc": 0.9238329238329239}}, "Advanced.Lung.Disease": {"[1]": {"training time": 8.544500589370728, "predicted percent positive": 0.0, "actual percent positive": 0.12313432835820895, "accuracy": 0.8768656716417911, "precision": 0.0, "recall": 0.0, "f1": 0.0, "auc": 0.85892972275951}, "[1, 2]": {"training time": 21.276213884353638, "predicted percent positive": 0.0, "actual percent positive": 0.12313432835820895, "accuracy": 0.8768656716417911, "precision": 0.0, "recall": 0.0, "f1": 0.0, "auc": 0.8876853642811089}, "[1, 2, 3]": {"training time": 55.10408926010132, "predicted percent positive": 0.018656716417910446, "actual percent positive": 0.12313432835820895, "accuracy": 0.8880597014925373, "precision": 0.8, "recall": 0.12121212121212122, "f1": 0.2105263157894737, "auc": 0.9268858800773695}, "[1, 2, 3, 4]": {"training time": 95.81403231620789, "predicted percent positive": 0.055970149253731345, "actual percent positive": 0.12313432835820895, "accuracy": 0.9104477611940298, "precision": 0.8, "recall": 0.36363636363636365, "f1": 0.5000000000000001, "auc": 0.9228239845261123}, "[1, 2, 3, 4, 5]": {"training time": 123.5228636264801, "predicted percent positive": 0.0708955223880597, "actual percent positive": 0.12313432835820895, "accuracy": 0.9029850746268657, "precision": 0.6842105263157895, "recall": 0.3939393939393939, "f1": 0.5, "auc": 0.9169568020631851}, "[2, 3, 4, 5]": {"training time": 117.43033623695374, "predicted percent positive": 0.0708955223880597, "actual percent positive": 0.12313432835820895, "accuracy": 0.9029850746268657, "precision": 0.6842105263157895, "recall": 0.3939393939393939, "f1": 0.5, "auc": 0.9219213410702773}}, "Chronic.Neurological.Dystrophies": {"[1]": {"training time": 8.49979043006897, "predicted percent positive": 0.055970149253731345, "actual percent positive": 0.23880597014925373, "accuracy": 0.7798507462686567, "precision": 0.6666666666666666, "recall": 0.15625, "f1": 0.2531645569620253, "auc": 0.8100490196078431}, "[1, 2]": {"training time": 21.308767557144165, "predicted percent positive": 0.19402985074626866, "actual percent positive": 0.23880597014925373, "accuracy": 0.8059701492537313, "precision": 0.6153846153846154, "recall": 0.5, "f1": 0.5517241379310345, "auc": 0.8266314338235294}, "[1, 2, 3]": {"training time": 55.16657781600952, "predicted percent positive": 0.15671641791044777, "actual percent positive": 0.23880597014925373, "accuracy": 0.8208955223880597, "precision": 0.6904761904761905, "recall": 0.453125, "f1": 0.5471698113207547, "auc": 0.7958792892156863}, "[1, 2, 3, 4]": {"training time": 95.77969169616699, "predicted percent positive": 0.0037313432835820895, "actual percent positive": 0.23880597014925373, "accuracy": 0.7649253731343284, "precision": 1.0, "recall": 0.015625, "f1": 0.03076923076923077, "auc": 0.8138786764705883}, "[1, 2, 3, 4, 5]": {"training time": 123.62562227249146, "predicted percent positive": 0.07835820895522388, "actual percent positive": 0.23880597014925373, "accuracy": 0.8097014925373134, "precision": 0.8095238095238095, "recall": 0.265625, "f1": 0.4, "auc": 0.801547181372549}, "[2, 3, 4, 5]": {"training time": 117.59792876243591, "predicted percent positive": 0.08955223880597014, "actual percent positive": 0.23880597014925373, "accuracy": 0.8059701492537313, "precision": 0.75, "recall": 0.28125, "f1": 0.4090909090909091, "auc": 0.8023131127450981}}, "Chronic.Pain.Fibromyalgia": {"[1]": {"training time": 8.557244062423706, "predicted percent positive": 0.0, "actual percent positive": 0.1865671641791045, "accuracy": 0.8134328358208955, "precision": 0.0, "recall": 0.0, "f1": 0.0, "auc": 0.5622935779816514}, "[1, 2]": {"training time": 21.316767930984497, "predicted percent positive": 0.3917910447761194, "actual percent positive": 0.1865671641791045, "accuracy": 0.6604477611940298, "precision": 0.3047619047619048, "recall": 0.64, "f1": 0.41290322580645167, "auc": 0.7087155963302753}, "[1, 2, 3]": {"training time": 55.24970006942749, "predicted percent positive": 0.007462686567164179, "actual percent positive": 0.1865671641791045, "accuracy": 0.8134328358208955, "precision": 0.5, "recall": 0.02, "f1": 0.038461538461538464, "auc": 0.7241284403669725}, "[1, 2, 3, 4]": {"training time": 95.77286219596863, "predicted percent positive": 0.0, "actual percent positive": 0.1865671641791045, "accuracy": 0.8134328358208955, "precision": 0.0, "recall": 0.0, "f1": 0.0, "auc": 0.7807339449541284},