{"Advanced.Cancer": {"[1]": {"training time": 9.645495414733887, "predicted percent positive": 0.0708955223880597, "actual percent positive": 0.10074626865671642, "accuracy": 0.9477611940298507, "precision": 0.8421052631578947, "recall": 0.5925925925925926, "f1": 0.6956521739130435, "auc": 0.9482096204087905}, "[1, 2]": {"training time": 23.06577754020691, "predicted percent positive": 0.03731343283582089, "actual percent positive": 0.10074626865671642, "accuracy": 0.9291044776119403, "precision": 0.9, "recall": 0.3333333333333333, "f1": 0.48648648648648646, "auc": 0.9783310281235592}, "[1, 2, 3]": {"training time": 57.564600229263306, "predicted percent positive": 0.07835820895522388, "actual percent positive": 0.10074626865671642, "accuracy": 0.9552238805970149, "precision": 0.8571428571428571, "recall": 0.6666666666666666, "f1": 0.75, "auc": 0.9741816505301982}, "[1, 2, 3, 4]": {"training time": 96.93074083328247, "predicted percent positive": 0.007462686567164179, "actual percent positive": 0.10074626865671642, "accuracy": 0.9067164179104478, "precision": 1.0, "recall": 0.07407407407407407, "f1": 0.13793103448275862, "auc": 0.9581988627631781}, "[1, 2, 3, 4, 5]": {"training time": 127.06334972381592, "predicted percent positive": 0.07462686567164178, "actual percent positive": 0.10074626865671642, "accuracy": 0.9514925373134329, "precision": 0.85, "recall": 0.6296296296296297, "f1": 0.723404255319149, "auc": 0.9724143230367297}, "[2, 3, 4, 5]": {"training time": 119.2399549484253, "predicted percent positive": 0.08582089552238806, "actual percent positive": 0.10074626865671642, "accuracy": 0.9477611940298507, "precision": 0.782608695652174, "recall": 0.6666666666666666, "f1": 0.72, "auc": 0.9618871984017212}}, "Advanced.Heart.Disease": {"[1]": {"training time": 9.192665338516235, "predicted percent positive": 0.23507462686567165, "actual percent positive": 0.11940298507462686, "accuracy": 0.8097014925373134, "precision": 0.3492063492063492, "recall": 0.6875, "f1": 0.46315789473684205, "auc": 0.8949947033898304}, "[1, 2]": {"training time": 22.656646251678467, "predicted percent positive": 0.11567164179104478, "actual percent positive": 0.11940298507462686, "accuracy": 0.8768656716417911, "precision": 0.4838709677419355, "recall": 0.46875, "f1": 0.47619047619047616, "auc": 0.8978416313559322}, "[1, 2, 3]": {"training time": 57.633230686187744, "predicted percent positive": 0.033582089552238806, "actual percent positive": 0.11940298507462686, "accuracy": 0.9067164179104478, "precision": 0.8888888888888888, "recall": 0.25, "f1": 0.3902439024390244, "auc": 0.9189618644067796}, "[1, 2, 3, 4]": {"training time": 96.77242827415466, "predicted percent positive": 0.332089552238806, "actual percent positive": 0.11940298507462686, "accuracy": 0.7798507462686567, "precision": 0.34831460674157305, "recall": 0.96875, "f1": 0.5123966942148761, "auc": 0.8945974576271187}, "[1, 2, 3, 4, 5]": {"training time": 126.7466390132904, "predicted percent positive": 0.23880597014925373, "actual percent positive": 0.11940298507462686, "accuracy": 0.8582089552238806, "precision": 0.453125, "recall": 0.90625, "f1": 0.6041666666666666, "auc": 0.9215439618644068}, "[2, 3, 4, 5]": {"training time": 119.18189883232117, "predicted percent positive": 0.07835820895522388, "actual percent positive": 0.11940298507462686, "accuracy": 0.9067164179104478, "precision": 0.6666666666666666, "recall": 0.4375, "f1": 0.5283018867924528, "auc": 0.9377648305084746}}, "Advanced.Lung.Disease": {"[1]": {"training time": 9.231088399887085, "predicted percent positive": 0.0, "actual percent positive": 0.10820895522388059, "accuracy": 0.8917910447761194, "precision": 0.0, "recall": 0.0, "f1": 0.0, "auc": 0.8998701486077045}, "[1, 2]": {"training time": 22.67496132850647, "predicted percent positive": 0.011194029850746268, "actual percent positive": 0.10820895522388059, "accuracy": 0.9029850746268657, "precision": 1.0, "recall": 0.10344827586206896, "f1": 0.1875, "auc": 0.9229548405713461}, "[1, 2, 3]": {"training time": 57.733474016189575, "predicted percent positive": 0.048507462686567165, "actual percent positive": 0.10820895522388059, "accuracy": 0.9253731343283582, "precision": 0.8461538461538461, "recall": 0.3793103448275862, "f1": 0.5238095238095238, "auc": 0.9265618236906651}, "[1, 2, 3, 4]": {"training time": 96.72465825080872, "predicted percent positive": 0.09701492537313433, "actual percent positive": 0.10820895522388059, "accuracy": 0.914179104477612, "precision": 0.6153846153846154, "recall": 0.5517241379310345, "f1": 0.5818181818181819, "auc": 0.9381041696724859}, "[1, 2, 3, 4, 5]": {"training time": 126.82516384124756, "predicted percent positive": 0.10074626865671642, "actual percent positive": 0.10820895522388059, "accuracy": 0.8955223880597015, "precision": 0.5185185185185185, "recall": 0.4827586206896552, "f1": 0.5, "auc": 0.9272110806521425}, "[2, 3, 4, 5]": {"training time": 119.11947894096375, "predicted percent positive": 0.04477611940298507, "actual percent positive": 0.10820895522388059, "accuracy": 0.914179104477612, "precision": 0.75, "recall": 0.3103448275862069, "f1": 0.4390243902439025, "auc": 0.9119896118886164}}, "Chronic.Neurological.Dystrophies": {"[1]": {"training time": 9.235584259033203, "predicted percent positive": 0.44029850746268656, "actual percent positive": 0.19776119402985073, "accuracy": 0.6380597014925373, "precision": 0.3135593220338983, "recall": 0.6981132075471698, "f1": 0.43274853801169594, "auc": 0.7059236507240018}, "[1, 2]": {"training time": 22.67669129371643, "predicted percent positive": 0.503731343283582, "actual percent positive": 0.19776119402985073, "accuracy": 0.6119402985074627, "precision": 0.3111111111111111, "recall": 0.7924528301886793, "f1": 0.4468085106382979, "auc": 0.7477841158402808}, "[1, 2, 3]": {"training time": 57.570685625076294, "predicted percent positive": 0.08582089552238806, "actual percent positive": 0.19776119402985073, "accuracy": 0.8432835820895522, "precision": 0.7391304347826086, "recall": 0.32075471698113206, "f1": 0.4473684210526316, "auc": 0.7454585344449319}, "[1, 2, 3, 4]": {"training time": 96.6869604587555, "predicted percent positive": 0.208955223880597, "actual percent positive": 0.19776119402985073, "accuracy": 0.7873134328358209, "precision": 0.4642857142857143, "recall": 0.49056603773584906, "f1": 0.4770642201834862, "auc": 0.7152698551996488}, "[1, 2, 3, 4, 5]": {"training time": 126.74577069282532, "predicted percent positive": 0.041044776119402986, "actual percent positive": 0.19776119402985073, "accuracy": 0.8283582089552238, "precision": 0.8181818181818182, "recall": 0.16981132075471697, "f1": 0.28125, "auc": 0.7190434401053093}, "[2, 3, 4, 5]": {"training time": 119.09729266166687, "predicted percent positive": 0.22761194029850745, "actual percent positive": 0.19776119402985073, "accuracy": 0.753731343283582, "precision": 0.39344262295081966, "recall": 0.4528301886792453, "f1": 0.42105263157894735, "auc": 0.6988152698551997}}, "Chronic.Pain.Fibromyalgia": {"[1]": {"training time": 9.223335981369019, "predicted percent positive": 0.05970149253731343, "actual percent positive": 0.19776119402985073, "accuracy": 0.7873134328358209, "precision": 0.375, "recall": 0.11320754716981132, "f1": 0.1739130434782609, "auc": 0.6623080298376481}, "[1, 2]": {"training time": 22.648313999176025, "predicted percent positive": 0.11194029850746269, "actual percent positive": 0.19776119402985073, "accuracy": 0.8022388059701493, "precision": 0.5, "recall": 0.2830188679245283, "f1": 0.3614457831325301, "auc": 0.7512066695919263}, "[1, 2, 3]": {"training time": 57.71302080154419, "predicted percent positive": 0.029850746268656716, "actual percent positive": 0.19776119402985073, "accuracy": 0.8246268656716418, "precision": 0.875, "recall": 0.1320754716981132, "f1": 0.22950819672131148, "auc": 0.7930671347082054}, "[1, 2, 3, 4]": {"training time": 96.70172691345215, "predicted percent positive": 0.10820895522388059,