{"Advanced.Cancer": {"[1]": {"training time": 9.624188899993896, "predicted percent positive": 0.0037313432835820895, "actual percent positive": 0.08955223880597014, "accuracy": 0.914179104477612, "precision": 1.0, "recall": 0.041666666666666664, "f1": 0.07999999999999999, "auc": 0.9223019125683061}, "[1, 2]": {"training time": 23.44824743270874, "predicted percent positive": 0.06716417910447761, "actual percent positive": 0.08955223880597014, "accuracy": 0.9552238805970149, "precision": 0.8333333333333334, "recall": 0.625, "f1": 0.7142857142857143, "auc": 0.980959699453552}, "[1, 2, 3]": {"training time": 58.29792356491089, "predicted percent positive": 0.10820895522388059, "actual percent positive": 0.08955223880597014, "accuracy": 0.9514925373134329, "precision": 0.6896551724137931, "recall": 0.8333333333333334, "f1": 0.7547169811320755, "auc": 0.9820696721311475}, "[1, 2, 3, 4]": {"training time": 98.74623107910156, "predicted percent positive": 0.04477611940298507, "actual percent positive": 0.08955223880597014, "accuracy": 0.9477611940298507, "precision": 0.9166666666666666, "recall": 0.4583333333333333, "f1": 0.611111111111111, "auc": 0.9816427595628414}, "[1, 2, 3, 4, 5]": {"training time": 129.08151268959045, "predicted percent positive": 0.03731343283582089, "actual percent positive": 0.08955223880597014, "accuracy": 0.9402985074626866, "precision": 0.9, "recall": 0.375, "f1": 0.5294117647058825, "auc": 0.9812158469945356}, "[2, 3, 4, 5]": {"training time": 121.2580075263977, "predicted percent positive": 0.16044776119402984, "actual percent positive": 0.08955223880597014, "accuracy": 0.9067164179104478, "precision": 0.4883720930232558, "recall": 0.875, "f1": 0.6268656716417911, "auc": 0.9557718579234973}}, "Advanced.Heart.Disease": {"[1]": {"training time": 9.340757131576538, "predicted percent positive": 0.0, "actual percent positive": 0.13059701492537312, "accuracy": 0.8694029850746269, "precision": 0.0, "recall": 0.0, "f1": 0.0, "auc": 0.8494175352544451}, "[1, 2]": {"training time": 22.92657160758972, "predicted percent positive": 0.2574626865671642, "actual percent positive": 0.13059701492537312, "accuracy": 0.835820895522388, "precision": 0.43478260869565216, "recall": 0.8571428571428571, "f1": 0.5769230769230769, "auc": 0.8814224402207234}, "[1, 2, 3]": {"training time": 58.43827962875366, "predicted percent positive": 0.10820895522388059, "actual percent positive": 0.13059701492537312, "accuracy": 0.9029850746268657, "precision": 0.6551724137931034, "recall": 0.5428571428571428, "f1": 0.5937499999999999, "auc": 0.9106683016554261}, "[1, 2, 3, 4]": {"training time": 98.63600087165833, "predicted percent positive": 0.022388059701492536, "actual percent positive": 0.13059701492537312, "accuracy": 0.8917910447761194, "precision": 1.0, "recall": 0.17142857142857143, "f1": 0.2926829268292683, "auc": 0.9074187614960146}, "[1, 2, 3, 4, 5]": {"training time": 129.02189898490906, "predicted percent positive": 0.0708955223880597, "actual percent positive": 0.13059701492537312, "accuracy": 0.8805970149253731, "precision": 0.5789473684210527, "recall": 0.3142857142857143, "f1": 0.40740740740740744, "auc": 0.8985898221949724}, "[2, 3, 4, 5]": {"training time": 121.01553535461426, "predicted percent positive": 0.048507462686567165, "actual percent positive": 0.13059701492537312, "accuracy": 0.9104477611940298, "precision": 0.9230769230769231, "recall": 0.34285714285714286, "f1": 0.5000000000000001, "auc": 0.9029429797670141}}, "Advanced.Lung.Disease": {"[1]": {"training time": 9.36759877204895, "predicted percent positive": 0.0, "actual percent positive": 0.08208955223880597, "accuracy": 0.917910447761194, "precision": 0.0, "recall": 0.0, "f1": 0.0, "auc": 0.8168883961566888}, "[1, 2]": {"training time": 22.91411304473877, "predicted percent positive": 0.014925373134328358, "actual percent positive": 0.08208955223880597, "accuracy": 0.9253731343283582, "precision": 0.75, "recall": 0.13636363636363635, "f1": 0.23076923076923075, "auc": 0.9257206208425721}, "[1, 2, 3]": {"training time": 58.526368379592896, "predicted percent positive": 0.1044776119402985, "actual percent positive": 0.08208955223880597, "accuracy": 0.917910447761194, "precision": 0.5, "recall": 0.6363636363636364, "f1": 0.56, "auc": 0.9220251293422026}, "[1, 2, 3, 4]": {"training time": 98.66144585609436, "predicted percent positive": 0.0037313432835820895, "actual percent positive": 0.08208955223880597, "accuracy": 0.914179104477612, "precision": 0.0, "recall": 0.0, "f1": 0.0, "auc": 0.9327420546932742}, "[1, 2, 3, 4, 5]": {"training time": 128.9852385520935, "predicted percent positive": 0.026119402985074626, "actual percent positive": 0.08208955223880597, "accuracy": 0.9365671641791045, "precision": 0.8571428571428571, "recall": 0.2727272727272727, "f1": 0.41379310344827586, "auc": 0.9523281596452328}, "[2, 3, 4, 5]": {"training time": 121.00681281089783, "predicted percent positive": 0.007462686567164179, "actual percent positive": 0.08208955223880597, "accuracy": 0.917910447761194, "precision": 0.5, "recall": 0.045454545454545456, "f1": 0.08333333333333334, "auc": 0.9303399852180341}}, "Chronic.Neurological.Dystrophies": {"[1]": {"training time": 9.343132019042969, "predicted percent positive": 0.08582089552238806, "actual percent positive": 0.26865671641791045, "accuracy": 0.7723880597014925, "precision": 0.7391304347826086, "recall": 0.2361111111111111, "f1": 0.35789473684210527, "auc": 0.7530470521541951}, "[1, 2]": {"training time": 22.927298069000244, "predicted percent positive": 0.19776119402985073, "actual percent positive": 0.26865671641791045, "accuracy": 0.7723880597014925, "precision": 0.6037735849056604, "recall": 0.4444444444444444, "f1": 0.5119999999999999, "auc": 0.7793367346938775}, "[1, 2, 3]": {"training time": 58.4549195766449, "predicted percent positive": 0.026119402985074626, "actual percent positive": 0.26865671641791045, "accuracy": 0.7425373134328358, "precision": 0.7142857142857143, "recall": 0.06944444444444445, "f1": 0.12658227848101267, "auc": 0.73093820861678}, "[1, 2, 3, 4]": {"training time": 98.57948708534241, "predicted percent positive": 0.048507462686567165, "actual percent positive": 0.26865671641791045, "accuracy": 0.7649253731343284, "precision": 0.8461538461538461, "recall": 0.1527777777777778, "f1": 0.25882352941176473, "auc": 0.7540036848072564}, "[1, 2, 3, 4, 5]": {"training time": 128.90840339660645, "predicted percent positive": 0.011194029850746268, "actual percent positive": 0.26865671641791045, "accuracy": 0.7425373134328358, "precision": 1.0, "recall": 0.041666666666666664, "f1": 0.07999999999999999, "auc": 0.772888321995465}, "[2, 3, 4, 5]": {"training time": 121.0349292755127, "predicted percent positive": 0.033582089552238806, "actual percent positive": 0.26865671641791045, "accuracy": 0.7574626865671642, "precision": 0.8888888888888888, "recall": 0.1111111111111111, "f1": 0.19753086419753085, "auc": 0.7798327664399093}}, "Chronic.Pain.Fibromyalgia": {"[1]": {"training time": 9.373793363571167, "predicted percent positive": 0.0, "actual percent positive": 0.21641791044776118, "accuracy": 0.7835820895522388, "precision": 0.0, "recall": 0.0, "f1": 0.0, "auc": 0.6696223316912971}, "[1, 2]": {"training time": 22.93251872062683, "predicted percent positive": 0.011194029850746268, "actual percent positive": 0.21641791044776118, "accuracy": 0.7947761194029851, "precision": 1.0, "recall": 0.05172413793103448, "f1": 0.09836065573770492, "auc": 0.7462233169129721}, "[1, 2, 3]": {"training time": 58.5592896938324, "predicted percent positive": 0.0037313432835820895, "actual percent positive": 0.21641791044776118, "accuracy": 0.7873134328358209, "precision": 1.0, "recall": 0.017241379310344827, "f1": 0.03389830508474576, "auc": 0.7995073891625617}, "[1, 2, 3, 4]": {"training time": 98.60595798492432, "predicted percent positive": 0.014925373134328358, "actual percent positive": 0.21641791044776118, "accuracy": 0.7835820895522388,