{"Advanced.Cancer": {"[1]": {"training time": 9.746925115585327, "predicted percent positive": 0.0, "actual percent positive": 0.12313432835820895, "accuracy": 0.8768656716417911, "precision": 0.0, "recall": 0.0, "f1": 0.0, "auc": 0.9205673758865248}, "[1, 2]": {"training time": 23.52463984489441, "predicted percent positive": 0.03731343283582089, "actual percent positive": 0.12313432835820895, "accuracy": 0.9067164179104478, "precision": 0.9, "recall": 0.2727272727272727, "f1": 0.41860465116279066, "auc": 0.9264990328820115}, "[1, 2, 3]": {"training time": 58.272008419036865, "predicted percent positive": 0.08955223880597014, "actual percent positive": 0.12313432835820895, "accuracy": 0.9291044776119403, "precision": 0.7916666666666666, "recall": 0.5757575757575758, "f1": 0.6666666666666667, "auc": 0.9433913604126369}, "[1, 2, 3, 4]": {"training time": 98.77500057220459, "predicted percent positive": 0.08582089552238806, "actual percent positive": 0.12313432835820895, "accuracy": 0.9328358208955224, "precision": 0.8260869565217391, "recall": 0.5757575757575758, "f1": 0.6785714285714286, "auc": 0.9059961315280465}, "[1, 2, 3, 4, 5]": {"training time": 129.03922390937805, "predicted percent positive": 0.0708955223880597, "actual percent positive": 0.12313432835820895, "accuracy": 0.9253731343283582, "precision": 0.8421052631578947, "recall": 0.48484848484848486, "f1": 0.6153846153846154, "auc": 0.9195357833655706}, "[2, 3, 4, 5]": {"training time": 121.35201096534729, "predicted percent positive": 0.055970149253731345, "actual percent positive": 0.12313432835820895, "accuracy": 0.917910447761194, "precision": 0.8666666666666667, "recall": 0.3939393939393939, "f1": 0.5416666666666666, "auc": 0.9142488716956803}}, "Advanced.Heart.Disease": {"[1]": {"training time": 9.34894061088562, "predicted percent positive": 0.10074626865671642, "actual percent positive": 0.1455223880597015, "accuracy": 0.8731343283582089, "precision": 0.5925925925925926, "recall": 0.41025641025641024, "f1": 0.4848484848484849, "auc": 0.8868547755010637}, "[1, 2]": {"training time": 22.95582127571106, "predicted percent positive": 0.022388059701492536, "actual percent positive": 0.1455223880597015, "accuracy": 0.8768656716417911, "precision": 1.0, "recall": 0.15384615384615385, "f1": 0.2666666666666667, "auc": 0.9213973799126638}, "[1, 2, 3]": {"training time": 58.626490116119385, "predicted percent positive": 0.11194029850746269, "actual percent positive": 0.1455223880597015, "accuracy": 0.9067164179104478, "precision": 0.7333333333333333, "recall": 0.5641025641025641, "f1": 0.6376811594202899, "auc": 0.9406561415295039}, "[1, 2, 3, 4]": {"training time": 98.75612664222717, "predicted percent positive": 0.07835820895522388, "actual percent positive": 0.1455223880597015, "accuracy": 0.8805970149253731, "precision": 0.6666666666666666, "recall": 0.358974358974359, "f1": 0.4666666666666667, "auc": 0.9325383495689173}, "[1, 2, 3, 4, 5]": {"training time": 129.10444593429565, "predicted percent positive": 0.14925373134328357, "actual percent positive": 0.1455223880597015, "accuracy": 0.8992537313432836, "precision": 0.65, "recall": 0.6666666666666666, "f1": 0.6582278481012659, "auc": 0.9444631060351585}, "[2, 3, 4, 5]": {"training time": 121.0959324836731, "predicted percent positive": 0.06716417910447761, "actual percent positive": 0.1455223880597015, "accuracy": 0.8992537313432836, "precision": 0.8333333333333334, "recall": 0.38461538461538464, "f1": 0.5263157894736842, "auc": 0.940488187213078}}, "Advanced.Lung.Disease": {"[1]": {"training time": 9.37935757637024, "predicted percent positive": 0.25, "actual percent positive": 0.12313432835820895, "accuracy": 0.7985074626865671, "precision": 0.34328358208955223, "recall": 0.696969696969697, "f1": 0.45999999999999996, "auc": 0.8160541586073501}, "[1, 2]": {"training time": 22.941081523895264, "predicted percent positive": 0.022388059701492536, "actual percent positive": 0.12313432835820895, "accuracy": 0.8694029850746269, "precision": 0.3333333333333333, "recall": 0.06060606060606061, "f1": 0.10256410256410256, "auc": 0.8574468085106384}, "[1, 2, 3]": {"training time": 58.536755323410034, "predicted percent positive": 0.014925373134328358, "actual percent positive": 0.12313432835820895, "accuracy": 0.8843283582089553, "precision": 0.75, "recall": 0.09090909090909091, "f1": 0.16216216216216214, "auc": 0.8808510638297873}, "[1, 2, 3, 4]": {"training time": 98.68638682365417, "predicted percent positive": 0.08208955223880597, "actual percent positive": 0.12313432835820895, "accuracy": 0.8992537313432836, "precision": 0.6363636363636364, "recall": 0.42424242424242425, "f1": 0.5090909090909091, "auc": 0.9163120567375886}, "[1, 2, 3, 4, 5]": {"training time": 128.9521141052246, "predicted percent positive": 0.07835820895522388, "actual percent positive": 0.12313432835820895, "accuracy": 0.8955223880597015, "precision": 0.6190476190476191, "recall": 0.3939393939393939, "f1": 0.48148148148148145, "auc": 0.9008381689232754}, "[2, 3, 4, 5]": {"training time": 121.02916383743286, "predicted percent positive": 0.048507462686567165, "actual percent positive": 0.12313432835820895, "accuracy": 0.8656716417910447, "precision": 0.38461538461538464, "recall": 0.15151515151515152, "f1": 0.21739130434782608, "auc": 0.8966473243068989}}, "Chronic.Neurological.Dystrophies": {"[1]": {"training time": 9.328200817108154, "predicted percent positive": 0.7238805970149254, "actual percent positive": 0.26119402985074625, "accuracy": 0.4253731343283582, "precision": 0.28350515463917525, "recall": 0.7857142857142857, "f1": 0.41666666666666663, "auc": 0.681060606060606}, "[1, 2]": {"training time": 22.926722764968872, "predicted percent positive": 0.007462686567164179, "actual percent positive": 0.26119402985074625, "accuracy": 0.746268656716418, "precision": 1.0, "recall": 0.02857142857142857, "f1": 0.05555555555555556, "auc": 0.7208513708513709}, "[1, 2, 3]": {"training time": 58.51057314872742, "predicted percent positive": 0.19402985074626866, "actual percent positive": 0.26119402985074625, "accuracy": 0.7835820895522388, "precision": 0.6153846153846154, "recall": 0.45714285714285713, "f1": 0.5245901639344263, "auc": 0.7520923520923521}, "[1, 2, 3, 4]": {"training time": 98.60215759277344, "predicted percent positive": 0.208955223880597, "actual percent positive": 0.26119402985074625, "accuracy": 0.746268656716418, "precision": 0.5178571428571429, "recall": 0.4142857142857143, "f1": 0.4603174603174604, "auc": 0.7347763347763349}, "[1, 2, 3, 4, 5]": {"training time": 129.0472309589386, "predicted percent positive": 0.291044776119403, "actual percent positive": 0.26119402985074625, "accuracy": 0.7835820895522388, "precision": 0.5769230769230769, "recall": 0.6428571428571429, "f1": 0.6081081081081081, "auc": 0.752020202020202}, "[2, 3, 4, 5]": {"training time": 121.2404272556305, "predicted percent positive": 0.026119402985074626, "actual percent positive": 0.26119402985074625, "accuracy": 0.75, "precision": 0.7142857142857143, "recall": 0.07142857142857142, "f1": 0.12987012987012989, "auc": 0.7877705627705628}}, "Chronic.Pain.Fibromyalgia": {"[1]": {"training time": 9.379906177520752, "predicted percent positive": 0.014925373134328358, "actual percent positive": 0.1865671641791045, "accuracy": 0.8134328358208955, "precision": 0.5, "recall": 0.04, "f1": 0.07407407407407407, "auc": 0.641743119266055}, "[1, 2]": {"training time": 22.947416067123413, "predicted percent positive": 0.03731343283582089, "actual percent positive": 0.1865671641791045, "accuracy": 0.8134328358208955, "precision": 0.5, "recall": 0.1, "f1": 0.16666666666666669, "auc": 0.7122018348623854}, "[1, 2, 3]": {"training time": 58.4868369102478, "predicted percent positive": 0.048507462686567165, "actual percent positive": 0.1865671641791045, "accuracy": 0.8395522388059702, "precision": 0.7692307692307693, "recall": 0.2, "f1": 0.31746031746031744, "auc": 0.7981651376146789},