{"Advanced.Cancer": {"[1]": {"training time": 16.842453718185425, "predicted percent positive": 0.09328358208955224, "actual percent positive": 0.12313432835820895, "accuracy": 0.8955223880597015, "precision": 0.6, "recall": 0.45454545454545453, "f1": 0.5172413793103449, "auc": 0.849645390070922}, "[1, 2]": {"training time": 21.230551719665527, "predicted percent positive": 0.018656716417910446, "actual percent positive": 0.12313432835820895, "accuracy": 0.8880597014925373, "precision": 0.8, "recall": 0.12121212121212122, "f1": 0.2105263157894737, "auc": 0.9080593165699549}, "[1, 2, 3]": {"training time": 55.193317890167236, "predicted percent positive": 0.10074626865671642, "actual percent positive": 0.12313432835820895, "accuracy": 0.917910447761194, "precision": 0.7037037037037037, "recall": 0.5757575757575758, "f1": 0.6333333333333334, "auc": 0.8823984526112186}, "[1, 2, 3, 4]": {"training time": 96.64276599884033, "predicted percent positive": 0.06343283582089553, "actual percent positive": 0.12313432835820895, "accuracy": 0.917910447761194, "precision": 0.8235294117647058, "recall": 0.42424242424242425, "f1": 0.5599999999999999, "auc": 0.9021921341070277}, "[1, 2, 3, 4, 5]": {"training time": 127.2980318069458, "predicted percent positive": 0.04477611940298507, "actual percent positive": 0.12313432835820895, "accuracy": 0.9067164179104478, "precision": 0.8333333333333334, "recall": 0.30303030303030304, "f1": 0.4444444444444444, "auc": 0.8947775628626693}, "[2, 3, 4, 5]": {"training time": 119.90757536888123, "predicted percent positive": 0.048507462686567165, "actual percent positive": 0.12313432835820895, "accuracy": 0.9104477611940298, "precision": 0.8461538461538461, "recall": 0.3333333333333333, "f1": 0.47826086956521735, "auc": 0.9030303030303031}}, "Advanced.Heart.Disease": {"[1]": {"training time": 9.241133689880371, "predicted percent positive": 0.10074626865671642, "actual percent positive": 0.17164179104477612, "accuracy": 0.8544776119402985, "precision": 0.6296296296296297, "recall": 0.3695652173913043, "f1": 0.4657534246575342, "auc": 0.8429298864081473}, "[1, 2]": {"training time": 22.76853919029236, "predicted percent positive": 0.12686567164179105, "actual percent positive": 0.17164179104477612, "accuracy": 0.8731343283582089, "precision": 0.6764705882352942, "recall": 0.5, "f1": 0.5750000000000001, "auc": 0.8791617704661183}, "[1, 2, 3]": {"training time": 58.468257904052734, "predicted percent positive": 0.06716417910447761, "actual percent positive": 0.17164179104477612, "accuracy": 0.8656716417910447, "precision": 0.7777777777777778, "recall": 0.30434782608695654, "f1": 0.43750000000000006, "auc": 0.8948296122209166}, "[1, 2, 3, 4]": {"training time": 97.40816044807434, "predicted percent positive": 0.08955223880597014, "actual percent positive": 0.17164179104477612, "accuracy": 0.8880597014925373, "precision": 0.8333333333333334, "recall": 0.43478260869565216, "f1": 0.5714285714285714, "auc": 0.9147081864473169}, "[1, 2, 3, 4, 5]": {"training time": 127.66177082061768, "predicted percent positive": 0.08582089552238806, "actual percent positive": 0.17164179104477612, "accuracy": 0.8917910447761194, "precision": 0.8695652173913043, "recall": 0.43478260869565216, "f1": 0.5797101449275363, "auc": 0.9246964355660008}, "[2, 3, 4, 5]": {"training time": 119.9421546459198, "predicted percent positive": 0.007462686567164179, "actual percent positive": 0.17164179104477612, "accuracy": 0.835820895522388, "precision": 1.0, "recall": 0.043478260869565216, "f1": 0.08333333333333333, "auc": 0.873678025851939}}, "Advanced.Lung.Disease": {"[1]": {"training time": 9.298725605010986, "predicted percent positive": 0.0, "actual percent positive": 0.09328358208955224, "accuracy": 0.9067164179104478, "precision": 0.0, "recall": 0.0, "f1": 0.0, "auc": 0.8353909465020576}, "[1, 2]": {"training time": 22.70418119430542, "predicted percent positive": 0.0, "actual percent positive": 0.09328358208955224, "accuracy": 0.9067164179104478, "precision": 0.0, "recall": 0.0, "f1": 0.0, "auc": 0.862880658436214}, "[1, 2, 3]": {"training time": 57.89668583869934, "predicted percent positive": 0.014925373134328358, "actual percent positive": 0.09328358208955224, "accuracy": 0.9216417910447762, "precision": 1.0, "recall": 0.16, "f1": 0.2758620689655173, "auc": 0.8984362139917696}, "[1, 2, 3, 4]": {"training time": 97.46574568748474, "predicted percent positive": 0.007462686567164179, "actual percent positive": 0.09328358208955224, "accuracy": 0.914179104477612, "precision": 1.0, "recall": 0.08, "f1": 0.14814814814814814, "auc": 0.8897119341563787}, "[1, 2, 3, 4, 5]": {"training time": 127.47806882858276, "predicted percent positive": 0.0, "actual percent positive": 0.09328358208955224, "accuracy": 0.9067164179104478, "precision": 0.0, "recall": 0.0, "f1": 0.0, "auc": 0.8780246913580247}, "[2, 3, 4, 5]": {"training time": 119.8994722366333, "predicted percent positive": 0.014925373134328358, "actual percent positive": 0.09328358208955224, "accuracy": 0.9216417910447762, "precision": 1.0, "recall": 0.16, "f1": 0.2758620689655173, "auc": 0.8814814814814815}}, "Chronic.Neurological.Dystrophies": {"[1]": {"training time": 9.286860942840576, "predicted percent positive": 0.48134328358208955, "actual percent positive": 0.23134328358208955, "accuracy": 0.585820895522388, "precision": 0.31007751937984496, "recall": 0.6451612903225806, "f1": 0.418848167539267, "auc": 0.641442217350454}, "[1, 2]": {"training time": 22.723021984100342, "predicted percent positive": 0.0037313432835820895, "actual percent positive": 0.23134328358208955, "accuracy": 0.7723880597014925, "precision": 1.0, "recall": 0.016129032258064516, "f1": 0.031746031746031744, "auc": 0.7568117757594739}, "[1, 2, 3]": {"training time": 58.04374623298645, "predicted percent positive": 0.04477611940298507, "actual percent positive": 0.23134328358208955, "accuracy": 0.7835820895522388, "precision": 0.6666666666666666, "recall": 0.12903225806451613, "f1": 0.2162162162162162, "auc": 0.6661446915126841}, "[1, 2, 3, 4]": {"training time": 97.41713118553162, "predicted percent positive": 0.018656716417910446, "actual percent positive": 0.23134328358208955, "accuracy": 0.7798507462686567, "precision": 0.8, "recall": 0.06451612903225806, "f1": 0.11940298507462686, "auc": 0.7456937049796429}, "[1, 2, 3, 4, 5]": {"training time": 127.56946229934692, "predicted percent positive": 0.018656716417910446, "actual percent positive": 0.23134328358208955, "accuracy": 0.7798507462686567, "precision": 0.8, "recall": 0.06451612903225806, "f1": 0.11940298507462686, "auc": 0.804729094895083}, "[2, 3, 4, 5]": {"training time": 119.9242947101593, "predicted percent positive": 0.011194029850746268, "actual percent positive": 0.23134328358208955, "accuracy": 0.7723880597014925, "precision": 0.6666666666666666, "recall": 0.03225806451612903, "f1": 0.06153846153846154, "auc": 0.760961478233636}}, "Chronic.Pain.Fibromyalgia": {"[1]": {"training time": 9.25784969329834, "predicted percent positive": 0.0, "actual percent positive": 0.16044776119402984, "accuracy": 0.8395522388059702, "precision": 0.0, "recall": 0.0, "f1": 0.0, "auc": 0.6449612403100776}, "[1, 2]": {"training time": 22.70984148979187, "predicted percent positive": 0.07462686567164178, "actual percent positive": 0.16044776119402984, "accuracy": 0.8171641791044776, "precision": 0.35, "recall": 0.16279069767441862, "f1": 0.22222222222222227, "auc": 0.6653229974160207}, "[1, 2, 3]": {"training time": 57.92730927467346, "predicted percent positive": 0.0, "actual percent positive": 0.16044776119402984, "accuracy": 0.8395522388059702, "precision": 0.0, "recall": 0.0, "f1": 0.0, "auc": 0.6722480620155038}, "[1, 2, 3, 4]": {"training time": 97.33034181594849, "predicted percent positive": 0.0037313432835820895, "actual percent positive": 0.16044776119402984, "accuracy": 0.8432835820895522, "precision": 1.0, "recall": 0.023255813953488372, "f1": 0.04545454545454545,