{"Advanced.Cancer": {"[1]": {"training time": 16.24729037284851, "predicted percent positive": 0.05970149253731343, "actual percent positive": 0.08955223880597014, "accuracy": 0.9626865671641791, "precision": 0.9375, "recall": 0.625, "f1": 0.75, "auc": 0.9754098360655739}, "[1, 2]": {"training time": 21.95518732070923, "predicted percent positive": 0.09328358208955224, "actual percent positive": 0.08955223880597014, "accuracy": 0.9589552238805971, "precision": 0.76, "recall": 0.7916666666666666, "f1": 0.7755102040816326, "auc": 0.9499658469945355}, "[1, 2, 3]": {"training time": 57.457172870635986, "predicted percent positive": 0.09328358208955224, "actual percent positive": 0.08955223880597014, "accuracy": 0.9365671641791045, "precision": 0.64, "recall": 0.6666666666666666, "f1": 0.6530612244897959, "auc": 0.9523565573770492}, "[1, 2, 3, 4]": {"training time": 98.4958221912384, "predicted percent positive": 0.03731343283582089, "actual percent positive": 0.08955223880597014, "accuracy": 0.9402985074626866, "precision": 0.9, "recall": 0.375, "f1": 0.5294117647058825, "auc": 0.954405737704918}, "[1, 2, 3, 4, 5]": {"training time": 128.8669285774231, "predicted percent positive": 0.1417910447761194, "actual percent positive": 0.08955223880597014, "accuracy": 0.917910447761194, "precision": 0.5263157894736842, "recall": 0.8333333333333334, "f1": 0.6451612903225806, "auc": 0.9480020491803279}, "[2, 3, 4, 5]": {"training time": 121.23922872543335, "predicted percent positive": 0.018656716417910446, "actual percent positive": 0.08955223880597014, "accuracy": 0.9291044776119403, "precision": 1.0, "recall": 0.20833333333333334, "f1": 0.3448275862068966, "auc": 0.9532103825136612}}, "Advanced.Heart.Disease": {"[1]": {"training time": 9.376747369766235, "predicted percent positive": 0.33955223880597013, "actual percent positive": 0.22761194029850745, "accuracy": 0.7611940298507462, "precision": 0.4835164835164835, "recall": 0.7213114754098361, "f1": 0.5789473684210528, "auc": 0.8201473033974817}, "[1, 2]": {"training time": 22.935187101364136, "predicted percent positive": 0.0, "actual percent positive": 0.22761194029850745, "accuracy": 0.7723880597014925, "precision": 0.0, "recall": 0.0, "f1": 0.0, "auc": 0.8097727092737784}, "[1, 2, 3]": {"training time": 58.536834716796875, "predicted percent positive": 0.09328358208955224, "actual percent positive": 0.22761194029850745, "accuracy": 0.7985074626865671, "precision": 0.64, "recall": 0.26229508196721313, "f1": 0.37209302325581395, "auc": 0.8243446582719569}, "[1, 2, 3, 4]": {"training time": 98.57755613327026, "predicted percent positive": 0.022388059701492536, "actual percent positive": 0.22761194029850745, "accuracy": 0.7873134328358209, "precision": 0.8333333333333334, "recall": 0.08196721311475409, "f1": 0.14925373134328357, "auc": 0.8328977587708878}, "[1, 2, 3, 4, 5]": {"training time": 128.99185371398926, "predicted percent positive": 0.0, "actual percent positive": 0.22761194029850745, "accuracy": 0.7723880597014925, "precision": 0.0, "recall": 0.0, "f1": 0.0, "auc": 0.8349568385206305}, "[2, 3, 4, 5]": {"training time": 121.06463980674744, "predicted percent positive": 0.011194029850746268, "actual percent positive": 0.22761194029850745, "accuracy": 0.7835820895522388, "precision": 1.0, "recall": 0.04918032786885246, "f1": 0.09375, "auc": 0.8142868456482142}}, "Advanced.Lung.Disease": {"[1]": {"training time": 9.365102291107178, "predicted percent positive": 0.0, "actual percent positive": 0.12313432835820895, "accuracy": 0.8768656716417911, "precision": 0.0, "recall": 0.0, "f1": 0.0, "auc": 0.7646679561573179}, "[1, 2]": {"training time": 22.91745352745056, "predicted percent positive": 0.0, "actual percent positive": 0.12313432835820895, "accuracy": 0.8768656716417911, "precision": 0.0, "recall": 0.0, "f1": 0.0, "auc": 0.853771760154739}, "[1, 2, 3]": {"training time": 58.43409585952759, "predicted percent positive": 0.0037313432835820895, "actual percent positive": 0.12313432835820895, "accuracy": 0.8805970149253731, "precision": 1.0, "recall": 0.030303030303030304, "f1": 0.05882352941176471, "auc": 0.8823984526112186}, "[1, 2, 3, 4]": {"training time": 98.55054712295532, "predicted percent positive": 0.0037313432835820895, "actual percent positive": 0.12313432835820895, "accuracy": 0.8805970149253731, "precision": 1.0, "recall": 0.030303030303030304, "f1": 0.05882352941176471, "auc": 0.8927143778207608}, "[1, 2, 3, 4, 5]": {"training time": 128.94490027427673, "predicted percent positive": 0.029850746268656716, "actual percent positive": 0.12313432835820895, "accuracy": 0.8843283582089553, "precision": 0.625, "recall": 0.15151515151515152, "f1": 0.24390243902439024, "auc": 0.9022566086395875}, "[2, 3, 4, 5]": {"training time": 121.02411079406738, "predicted percent positive": 0.007462686567164179, "actual percent positive": 0.12313432835820895, "accuracy": 0.8768656716417911, "precision": 0.5, "recall": 0.030303030303030304, "f1": 0.05714285714285715, "auc": 0.8911025145067699}}, "Chronic.Neurological.Dystrophies": {"[1]": {"training time": 9.352200984954834, "predicted percent positive": 0.0037313432835820895, "actual percent positive": 0.22014925373134328, "accuracy": 0.7835820895522388, "precision": 1.0, "recall": 0.01694915254237288, "f1": 0.03333333333333333, "auc": 0.760035682426405}, "[1, 2]": {"training time": 22.913119554519653, "predicted percent positive": 0.0, "actual percent positive": 0.22014925373134328, "accuracy": 0.7798507462686567, "precision": 0.0, "recall": 0.0, "f1": 0.0, "auc": 0.7216770740410346}, "[1, 2, 3]": {"training time": 58.54258966445923, "predicted percent positive": 0.12686567164179105, "actual percent positive": 0.22014925373134328, "accuracy": 0.8395522388059702, "precision": 0.7352941176470589, "recall": 0.423728813559322, "f1": 0.5376344086021505, "auc": 0.7799043062200957}, "[1, 2, 3, 4]": {"training time": 98.66095519065857, "predicted percent positive": 0.022388059701492536, "actual percent positive": 0.22014925373134328, "accuracy": 0.7947761194029851, "precision": 0.8333333333333334, "recall": 0.0847457627118644, "f1": 0.15384615384615385, "auc": 0.7850944773335496}, "[1, 2, 3, 4, 5]": {"training time": 128.99028825759888, "predicted percent positive": 0.6865671641791045, "actual percent positive": 0.22014925373134328, "accuracy": 0.48134328358208955, "precision": 0.2826086956521739, "recall": 0.8813559322033898, "f1": 0.4279835390946502, "auc": 0.6647879328521613}, "[2, 3, 4, 5]": {"training time": 121.17781639099121, "predicted percent positive": 0.26865671641791045, "actual percent positive": 0.22014925373134328, "accuracy": 0.7276119402985075, "precision": 0.4027777777777778, "recall": 0.4915254237288136, "f1": 0.44274809160305345, "auc": 0.7202578866271997}}, "Chronic.Pain.Fibromyalgia": {"[1]": {"training time": 9.375016927719116, "predicted percent positive": 0.8022388059701493, "actual percent positive": 0.16044776119402984, "accuracy": 0.3358208955223881, "precision": 0.18604651162790697, "recall": 0.9302325581395349, "f1": 0.31007751937984496, "auc": 0.7112661498708011}, "[1, 2]": {"training time": 22.917661666870117, "predicted percent positive": 0.2798507462686567, "actual percent positive": 0.16044776119402984, "accuracy": 0.746268656716418, "precision": 0.3333333333333333, "recall": 0.5813953488372093, "f1": 0.423728813559322, "auc": 0.7529715762273902}, "[1, 2, 3]": {"training time": 58.48767399787903, "predicted percent positive": 0.15298507462686567, "actual percent positive": 0.16044776119402984, "accuracy": 0.8283582089552238, "precision": 0.4634146341463415, "recall": 0.4418604651162791, "f1": 0.45238095238095233, "auc": 0.794780361757106}, "[1, 2, 3, 4]": {"training time": 98.5583107471466, "predicted percent positive": 0.35447761194029853, "actual percent positive": 0.16044776119402984, "accuracy": 0.7014925373134329, "precision": 0.30526315789473685, "recall": 0.6744186046511628, "f1": 0.4202898550724638,