{"Advanced.Cancer": {"[1]": {"training time": 9.548596620559692, "predicted percent positive": 0.05970149253731343, "actual percent positive": 0.12313432835820895, "accuracy": 0.9216417910447762, "precision": 0.875, "recall": 0.42424242424242425, "f1": 0.5714285714285714, "auc": 0.9455834945196647}, "[1, 2]": {"training time": 23.43425226211548, "predicted percent positive": 0.08955223880597014, "actual percent positive": 0.12313432835820895, "accuracy": 0.9365671641791045, "precision": 0.8333333333333334, "recall": 0.6060606060606061, "f1": 0.7017543859649124, "auc": 0.9423597678916829}, "[1, 2, 3]": {"training time": 58.291778326034546, "predicted percent positive": 0.08955223880597014, "actual percent positive": 0.12313432835820895, "accuracy": 0.9291044776119403, "precision": 0.7916666666666666, "recall": 0.5757575757575758, "f1": 0.6666666666666667, "auc": 0.9324306898774984}, "[1, 2, 3, 4]": {"training time": 98.72095370292664, "predicted percent positive": 0.029850746268656716, "actual percent positive": 0.12313432835820895, "accuracy": 0.8992537313432836, "precision": 0.875, "recall": 0.21212121212121213, "f1": 0.3414634146341463, "auc": 0.9173436492585428}, "[1, 2, 3, 4, 5]": {"training time": 128.9716296195984, "predicted percent positive": 0.06716417910447761, "actual percent positive": 0.12313432835820895, "accuracy": 0.914179104477612, "precision": 0.7777777777777778, "recall": 0.42424242424242425, "f1": 0.5490196078431373, "auc": 0.9310122501611863}, "[2, 3, 4, 5]": {"training time": 121.29243588447571, "predicted percent positive": 0.041044776119402986, "actual percent positive": 0.12313432835820895, "accuracy": 0.9104477611940298, "precision": 0.9090909090909091, "recall": 0.30303030303030304, "f1": 0.45454545454545453, "auc": 0.906963249516441}}, "Advanced.Heart.Disease": {"[1]": {"training time": 9.389648914337158, "predicted percent positive": 0.041044776119402986, "actual percent positive": 0.13805970149253732, "accuracy": 0.8656716417910447, "precision": 0.5454545454545454, "recall": 0.16216216216216217, "f1": 0.25, "auc": 0.9072189072189072}, "[1, 2]": {"training time": 22.921645164489746, "predicted percent positive": 0.15298507462686567, "actual percent positive": 0.13805970149253732, "accuracy": 0.8805970149253731, "precision": 0.5609756097560976, "recall": 0.6216216216216216, "f1": 0.5897435897435899, "auc": 0.9109629109629109}, "[1, 2, 3]": {"training time": 58.49988508224487, "predicted percent positive": 0.06716417910447761, "actual percent positive": 0.13805970149253732, "accuracy": 0.8992537313432836, "precision": 0.7777777777777778, "recall": 0.3783783783783784, "f1": 0.5090909090909091, "auc": 0.9308529308529307}, "[1, 2, 3, 4]": {"training time": 98.69895577430725, "predicted percent positive": 0.04477611940298507, "actual percent positive": 0.13805970149253732, "accuracy": 0.8843283582089553, "precision": 0.75, "recall": 0.24324324324324326, "f1": 0.3673469387755103, "auc": 0.9265239265239265}, "[1, 2, 3, 4, 5]": {"training time": 128.9407057762146, "predicted percent positive": 0.07835820895522388, "actual percent positive": 0.13805970149253732, "accuracy": 0.8955223880597015, "precision": 0.7142857142857143, "recall": 0.40540540540540543, "f1": 0.5172413793103449, "auc": 0.9004329004329004}, "[2, 3, 4, 5]": {"training time": 120.94198155403137, "predicted percent positive": 0.05223880597014925, "actual percent positive": 0.13805970149253732, "accuracy": 0.8992537313432836, "precision": 0.8571428571428571, "recall": 0.32432432432432434, "f1": 0.4705882352941177, "auc": 0.9186849186849187}}, "Advanced.Lung.Disease": {"[1]": {"training time": 9.328399896621704, "predicted percent positive": 0.0, "actual percent positive": 0.12313432835820895, "accuracy": 0.8768656716417911, "precision": 0.0, "recall": 0.0, "f1": 0.0, "auc": 0.8364925854287557}, "[1, 2]": {"training time": 22.927724838256836, "predicted percent positive": 0.0, "actual percent positive": 0.12313432835820895, "accuracy": 0.8768656716417911, "precision": 0.0, "recall": 0.0, "f1": 0.0, "auc": 0.8927143778207609}, "[1, 2, 3]": {"training time": 58.59787917137146, "predicted percent positive": 0.0, "actual percent positive": 0.12313432835820895, "accuracy": 0.8768656716417911, "precision": 0.0, "recall": 0.0, "f1": 0.0, "auc": 0.9092198581560285}, "[1, 2, 3, 4]": {"training time": 98.65291666984558, "predicted percent positive": 0.0037313432835820895, "actual percent positive": 0.12313432835820895, "accuracy": 0.8805970149253731, "precision": 1.0, "recall": 0.030303030303030304, "f1": 0.05882352941176471, "auc": 0.8763378465506125}, "[1, 2, 3, 4, 5]": {"training time": 128.96192359924316, "predicted percent positive": 0.2462686567164179, "actual percent positive": 0.12313432835820895, "accuracy": 0.8395522388059702, "precision": 0.42424242424242425, "recall": 0.8484848484848485, "f1": 0.5656565656565657, "auc": 0.8982591876208897}, "[2, 3, 4, 5]": {"training time": 120.98665165901184, "predicted percent positive": 0.07462686567164178, "actual percent positive": 0.12313432835820895, "accuracy": 0.8992537313432836, "precision": 0.65, "recall": 0.3939393939393939, "f1": 0.490566037735849, "auc": 0.925725338491296}}, "Chronic.Neurological.Dystrophies": {"[1]": {"training time": 9.384572267532349, "predicted percent positive": 0.2798507462686567, "actual percent positive": 0.23880597014925373, "accuracy": 0.8097014925373134, "precision": 0.5866666666666667, "recall": 0.6875, "f1": 0.6330935251798561, "auc": 0.8087086397058824}, "[1, 2]": {"training time": 22.942823886871338, "predicted percent positive": 0.25, "actual percent positive": 0.23880597014925373, "accuracy": 0.8097014925373134, "precision": 0.5970149253731343, "recall": 0.625, "f1": 0.6106870229007634, "auc": 0.8190104166666666}, "[1, 2, 3]": {"training time": 58.59162521362305, "predicted percent positive": 0.22014925373134328, "actual percent positive": 0.23880597014925373, "accuracy": 0.7873134328358209, "precision": 0.559322033898305, "recall": 0.515625, "f1": 0.5365853658536586, "auc": 0.793734681372549}, "[1, 2, 3, 4]": {"training time": 98.66936349868774, "predicted percent positive": 0.022388059701492536, "actual percent positive": 0.23880597014925373, "accuracy": 0.7835820895522388, "precision": 1.0, "recall": 0.09375, "f1": 0.17142857142857143, "auc": 0.8013174019607843}, "[1, 2, 3, 4, 5]": {"training time": 129.13996529579163, "predicted percent positive": 0.048507462686567165, "actual percent positive": 0.23880597014925373, "accuracy": 0.7873134328358209, "precision": 0.7692307692307693, "recall": 0.15625, "f1": 0.2597402597402597, "auc": 0.8008961397058824}, "[2, 3, 4, 5]": {"training time": 121.11129808425903, "predicted percent positive": 0.11194029850746269, "actual percent positive": 0.23880597014925373, "accuracy": 0.8208955223880597, "precision": 0.7666666666666667, "recall": 0.359375, "f1": 0.4893617021276596, "auc": 0.819891237745098}}, "Chronic.Pain.Fibromyalgia": {"[1]": {"training time": 9.34385347366333, "predicted percent positive": 0.0, "actual percent positive": 0.1865671641791045, "accuracy": 0.8134328358208955, "precision": 0.0, "recall": 0.0, "f1": 0.0, "auc": 0.5772477064220184}, "[1, 2]": {"training time": 22.953795433044434, "predicted percent positive": 0.5, "actual percent positive": 0.1865671641791045, "accuracy": 0.5970149253731343, "precision": 0.2835820895522388, "recall": 0.76, "f1": 0.41304347826086957, "auc": 0.7048623853211009}, "[1, 2, 3]": {"training time": 58.6037700176239, "predicted percent positive": 0.0037313432835820895, "actual percent positive": 0.1865671641791045, "accuracy": 0.8171641791044776, "precision": 1.0, "recall": 0.02, "f1": 0.0392156862745098, "auc": 0.7258715596330275}, "[1, 2, 3, 4]": {"training time": 98.56616067886353, "predicted percent positive": 0.0, "actual percent positive": 0.1865671641791045, "accuracy": 0.8134328358208955, "precision": 0.0, "recall": 0.0, "f1": 0.0, "auc": 0.7063302752293578},